district_id,district_name,total_affected,total_displaced,total_deaths,total_injuries,total_homes_affected,total_events,flood_events,landslide_events,storm_events,drought_events,earthquake_events,fire_events,pre2020_affected,pre2020_displaced,pre2020_deaths,pre2020_homes_affected,pre2020_events,pre2020_years,pre2020_avg_affected_per_year,pre2020_avg_displaced_per_year,pre2020_avg_deaths_per_year,pre2020_avg_homes_per_year,pre2020_avg_events_per_year,since2020_affected,since2020_displaced,since2020_deaths,since2020_homes_affected,since2020_events,since2020_years,since2020_avg_affected_per_year,since2020_avg_displaced_per_year,since2020_avg_deaths_per_year,since2020_avg_homes_per_year,since2020_avg_events_per_year,affected_2000,displaced_2000,deaths_2000,homes_aff_2000,events_2000,affected_2001,displaced_2001,deaths_2001,homes_aff_2001,events_2001,affected_2002,displaced_2002,deaths_2002,homes_aff_2002,events_2002,affected_2003,displaced_2003,deaths_2003,homes_aff_2003,events_2003,affected_2004,displaced_2004,deaths_2004,homes_aff_2004,events_2004,affected_2005,displaced_2005,deaths_2005,homes_aff_2005,events_2005,affected_2006,displaced_2006,deaths_2006,homes_aff_2006,events_2006,affected_2007,displaced_2007,deaths_2007,homes_aff_2007,events_2007,affected_2008,displaced_2008,deaths_2008,homes_aff_2008,events_2008,affected_2009,displaced_2009,deaths_2009,homes_aff_2009,events_2009,affected_2010,displaced_2010,deaths_2010,homes_aff_2010,events_2010,affected_2011,displaced_2011,deaths_2011,homes_aff_2011,events_2011,affected_2012,displaced_2012,deaths_2012,homes_aff_2012,events_2012,affected_2013,displaced_2013,deaths_2013,homes_aff_2013,events_2013,affected_2014,displaced_2014,deaths_2014,homes_aff_2014,events_2014,affected_2015,displaced_2015,deaths_2015,homes_aff_2015,events_2015,affected_2016,displaced_2016,deaths_2016,homes_aff_2016,events_2016,affected_2017,displaced_2017,deaths_2017,homes_aff_2017,events_2017,affected_2018,displaced_2018,deaths_2018,homes_aff_2018,events_2018,affected_2019,displaced_2019,deaths_2019,homes_aff_2019,events_2019,affected_2020,displaced_2020,deaths_2020,homes_aff_2020,events_2020,affected_2021,displaced_2021,deaths_2021,homes_aff_2021,events_2021,affected_2022,displaced_2022,deaths_2022,homes_aff_2022,events_2022,affected_2023,displaced_2023,deaths_2023,homes_aff_2023,events_2023,affected_2024,displaced_2024,deaths_2024,homes_aff_2024,events_2024,affected_2025,displaced_2025,deaths_2025,homes_aff_2025,events_2025
2034.0,Bulambuli,104950,243640,22,2,9862,17,10,8,1,0,0,0,0,170000,0,0,4,2,0.0,85000.0,0.0,0.0,2.0,104950,73640,22,9862,13,5,20990.0,14728.0,4.4,1972.4,2.6,0,0,0,0,0,0,0,0,0,0,0,0,0,0,0,0,0,0,0,0,0,0,0,0,0,0,0,0,0,0,0,0,0,0,0,0,0,0,0,0,0,0,0,0,0,0,0,0,0,0,0,0,0,0,0,0,0,0,0,0,0,0,0,0,0,0,0,0,0,0,0,0,0,0,0,0,0,0,0,0,0,0,0,0,0,0,0,0,0,0,0,10,0,0,1,0,169990,0,0,3,0,670,0,0,1,0,0,0,0,0,50525,28285,0,0,2,22150,10285,5,4439,3,26980,33380,17,4619,5,5295,1020,0,804,2
4115.0,Kasese,221315,209518,128,23,26341,42,26,13,7,0,0,1,25445,28500,20,0,10,8,3180.625,3562.5,2.5,0.0,1.25,195870,181018,108,26341,32,6,32645.0,30169.666666666668,18.0,4390.166666666667,5.333333333333333,0,10000,0,0,1,0,300,1,0,1,0,0,0,0,0,0,0,0,0,0,0,0,0,0,0,0,0,0,0,0,0,0,0,0,0,0,0,0,0,0,0,0,0,0,0,0,0,0,0,0,0,0,0,0,0,0,0,0,0,0,0,0,0,0,0,25445,7000,13,0,1,0,600,0,0,1,0,0,0,0,0,0,1000,0,0,1,0,1500,0,0,1,0,8000,0,0,1,0,100,6,0,3,177600,132189,46,25000,5,0,233,5,1,3,8654,2088,51,40,6,681,224,0,36,5,6875,45716,6,1110,7,2060,568,0,154,6
3070.0,Amuru,84118,136383,0,0,15207,11,9,0,1,0,0,1,3000,6200,0,0,2,2,1500.0,3100.0,0.0,0.0,1.0,81118,130183,0,15207,9,4,20279.5,32545.75,0.0,3801.75,2.25,0,0,0,0,0,0,0,0,0,0,0,0,0,0,0,0,0,0,0,0,0,0,0,0,0,0,0,0,0,0,0,0,0,0,0,0,0,0,0,0,0,0,0,0,0,0,0,0,0,0,0,0,0,0,0,0,0,0,0,0,0,0,0,0,0,0,6000,0,0,1,0,0,0,0,0,0,0,0,0,0,0,0,0,0,0,3000,200,0,0,1,0,0,0,0,0,0,0,0,0,0,0,0,0,0,0,0,0,0,0,0,12474,3000,0,0,2,21964,58260,0,6512,3,45800,68240,0,8640,3,880,683,0,55,1
3099.0,Yumbe,66583,104390,0,0,10218,2,1,0,1,0,0,0,0,0,0,0,0,0,0.0,0.0,0.0,0.0,0.0,66583,104390,0,10218,2,1,66583.0,104390.0,0.0,10218.0,2.0,0,0,0,0,0,0,0,0,0,0,0,0,0,0,0,0,0,0,0,0,0,0,0,0,0,0,0,0,0,0,0,0,0,0,0,0,0,0,0,0,0,0,0,0,0,0,0,0,0,0,0,0,0,0,0,0,0,0,0,0,0,0,0,0,0,0,0,0,0,0,0,0,0,0,0,0,0,0,0,0,0,0,0,0,0,0,0,0,0,0,0,0,0,0,0,0,0,0,0,0,0,0,0,0,0,0,0,0,0,0,0,0,0,0,0,66583,104390,0,10218,2,0,0,0,0,0,0,0,0,0,0
2061.0,Sironko,15816,79881,79,0,2627,12,8,3,3,0,0,0,0,67340,79,450,4,1,0.0,67340.0,79.0,450.0,4.0,15816,12541,0,2177,8,3,5272.0,4180.333333333333,0.0,725.6666666666666,2.6666666666666665,0,0,0,0,0,0,0,0,0,0,0,0,0,0,0,0,0,0,0,0,0,0,0,0,0,0,0,0,0,0,0,0,0,0,0,0,0,0,0,0,0,0,0,0,0,0,0,0,0,0,0,0,0,0,0,0,0,0,0,0,0,0,0,0,0,0,0,0,0,0,0,0,0,0,0,0,0,0,0,0,0,0,0,0,0,0,0,0,0,0,0,0,0,0,0,0,67340,79,450,4,0,0,0,0,0,0,0,0,0,0,985,985,0,0,1,0,0,0,0,0,11620,8500,0,1577,4,3211,3056,0,600,3
2036.0,Butaleja,112564,46012,1,0,1032,11,10,0,1,0,0,0,0,1710,0,0,4,2,0.0,855.0,0.0,0.0,2.0,112564,44302,1,1032,7,4,28141.0,11075.5,0.25,258.0,1.75,0,0,0,0,0,0,0,0,0,0,0,0,0,0,0,0,0,0,0,0,0,0,0,0,0,0,0,0,0,0,0,0,0,0,0,0,0,0,0,0,0,0,0,0,0,0,0,0,0,0,0,0,0,0,0,0,0,0,0,0,0,0,0,0,0,0,0,0,0,0,0,380,0,0,1,0,0,0,0,0,0,0,0,0,0,0,0,0,0,0,0,0,0,0,0,0,1330,0,0,3,0,0,0,0,0,75000,0,1,0,1,300,130,0,0,2,872,0,0,0,2,36392,44172,0,1032,2,0,0,0,0,0
2032.0,Bukedea,129741,44231,145,0,25494,10,10,0,0,0,0,0,0,0,0,0,0,0,0.0,0.0,0.0,0.0,0.0,129741,44231,145,25494,10,4,32435.25,11057.75,36.25,6373.5,2.5,0,0,0,0,0,0,0,0,0,0,0,0,0,0,0,0,0,0,0,0,0,0,0,0,0,0,0,0,0,0,0,0,0,0,0,0,0,0,0,0,0,0,0,0,0,0,0,0,0,0,0,0,0,0,0,0,0,0,0,0,0,0,0,0,0,0,0,0,0,0,0,0,0,0,0,0,0,0,0,0,0,0,0,0,0,0,0,0,0,0,0,0,0,0,0,0,0,0,0,0,0,0,0,0,0,0,0,0,0,0,112840,28325,145,20400,1,8270,3446,0,3475,5,7996,12380,0,1486,2,635,80,0,133,2
4102.0,Buliisa,0,38700,0,0,0,2,2,0,0,0,0,0,0,0,0,0,0,0,0.0,0.0,0.0,0.0,0.0,0,38700,0,0,2,1,0.0,38700.0,0.0,0.0,2.0,0,0,0,0,0,0,0,0,0,0,0,0,0,0,0,0,0,0,0,0,0,0,0,0,0,0,0,0,0,0,0,0,0,0,0,0,0,0,0,0,0,0,0,0,0,0,0,0,0,0,0,0,0,0,0,0,0,0,0,0,0,0,0,0,0,0,0,0,0,0,0,0,0,0,0,0,0,0,0,0,0,0,0,0,0,0,0,0,0,0,0,0,0,0,0,0,0,0,0,0,0,38700,0,0,2,0,0,0,0,0,0,0,0,0,0,0,0,0,0,0,0,0,0,0,0,0,0,0,0,0
4128.0,Ntoroko,14906,37690,0,0,2661,17,15,2,2,0,0,0,0,0,0,0,0,0,0.0,0.0,0.0,0.0,0.0,14906,37690,0,2661,17,4,3726.5,9422.5,0.0,665.25,4.25,0,0,0,0,0,0,0,0,0,0,0,0,0,0,0,0,0,0,0,0,0,0,0,0,0,0,0,0,0,0,0,0,0,0,0,0,0,0,0,0,0,0,0,0,0,0,0,0,0,0,0,0,0,0,0,0,0,0,0,0,0,0,0,0,0,0,0,0,0,0,0,0,0,0,0,0,0,0,0,0,0,0,0,0,0,0,0,0,0,0,0,0,0,0,0,0,0,0,0,0,0,0,0,0,0,0,0,0,0,0,165,50,0,0,1,10917,9215,0,2009,11,3000,27600,0,500,2,824,825,0,152,3
2054.0,Mbale,425236,31384,51,9,2605,22,11,6,6,0,0,1,0,1100,20,0,2,2,0.0,550.0,10.0,0.0,1.0,425236,30284,31,2605,20,5,85047.2,6056.8,6.2,521.0,4.0,0,0,0,0,0,0,0,0,0,0,0,0,0,0,0,0,0,20,0,1,0,0,0,0,0,0,0,0,0,0,0,0,0,0,0,0,0,0,0,0,0,0,0,0,0,0,0,0,0,0,0,0,0,0,0,0,0,0,0,0,0,0,0,0,0,0,0,0,0,0,0,1100,0,0,1,0,0,0,0,0,0,0,0,0,0,0,0,0,0,0,0,0,0,0,0,0,0,0,0,0,0,20,1,0,1,0,0,0,0,0,407207,22078,24,0,6,245,750,6,374,3,16278,6994,0,1937,5,1506,442,0,294,5
3071.0,Apac,30591,28583,0,0,3924,6,2,0,3,0,0,1,0,0,0,0,0,0,0.0,0.0,0.0,0.0,0.0,30591,28583,0,3924,6,4,7647.75,7145.75,0.0,981.0,1.5,0,0,0,0,0,0,0,0,0,0,0,0,0,0,0,0,0,0,0,0,0,0,0,0,0,0,0,0,0,0,0,0,0,0,0,0,0,0,0,0,0,0,0,0,0,0,0,0,0,0,0,0,0,0,0,0,0,0,0,0,0,0,0,0,0,0,0,0,0,0,0,0,0,0,0,0,0,0,0,0,0,0,0,0,0,0,0,0,0,0,0,0,0,0,0,0,0,0,0,0,0,0,0,0,0,0,0,0,0,0,714,970,0,0,1,23478,26705,0,3549,1,3222,740,0,334,1,3177,168,0,41,3
3093.0,Obongi,2052,23485,0,0,2,3,1,0,1,0,0,1,0,0,0,0,0,0,0.0,0.0,0.0,0.0,0.0,2052,23485,0,2,3,3,684.0,7828.333333333333,0.0,0.6666666666666666,1.0,0,0,0,0,0,0,0,0,0,0,0,0,0,0,0,0,0,0,0,0,0,0,0,0,0,0,0,0,0,0,0,0,0,0,0,0,0,0,0,0,0,0,0,0,0,0,0,0,0,0,0,0,0,0,0,0,0,0,0,0,0,0,0,0,0,0,0,0,0,0,0,0,0,0,0,0,0,0,0,0,0,0,0,0,0,0,0,0,0,0,0,0,0,0,0,0,0,0,0,0,0,23000,0,0,1,0,0,0,0,0,2050,475,0,0,1,0,0,0,0,0,2,10,0,2,1,0,0,0,0,0
2047.0,Katakwi,168306,20902,0,0,4182,33,21,1,1,9,0,1,0,0,0,0,0,0,0.0,0.0,0.0,0.0,0.0,168306,20902,0,4182,33,5,33661.2,4180.4,0.0,836.4,6.6,0,0,0,0,0,0,0,0,0,0,0,0,0,0,0,0,0,0,0,0,0,0,0,0,0,0,0,0,0,0,0,0,0,0,0,0,0,0,0,0,0,0,0,0,0,0,0,0,0,0,0,0,0,0,0,0,0,0,0,0,0,0,0,0,0,0,0,0,0,0,0,0,0,0,0,0,0,0,0,0,0,0,0,0,0,0,0,0,0,0,0,0,0,0,0,0,0,0,0,0,78719,10815,0,0,1,0,0,0,0,0,18765,1065,0,0,5,28285,0,0,123,13,12622,7655,0,2335,5,29915,1367,0,1724,9
1006.0,Kalangala,1384,20274,0,0,309,12,2,0,7,0,0,5,0,0,0,0,0,0,0.0,0.0,0.0,0.0,0.0,1384,20274,0,309,12,4,346.0,5068.5,0.0,77.25,3.0,0,0,0,0,0,0,0,0,0,0,0,0,0,0,0,0,0,0,0,0,0,0,0,0,0,0,0,0,0,0,0,0,0,0,0,0,0,0,0,0,0,0,0,0,0,0,0,0,0,0,0,0,0,0,0,0,0,0,0,0,0,0,0,0,0,0,0,0,0,0,0,0,0,0,0,0,0,0,0,0,0,0,0,0,0,0,0,0,0,0,0,0,0,0,0,0,0,0,0,0,0,0,0,0,0,0,0,0,0,0,40,122,0,0,1,35,90,0,8,2,976,19611,0,205,6,333,451,0,96,3
3074.0,Gulu,50,20000,0,0,0,2,2,0,0,0,0,0,0,20000,0,0,1,1,0.0,20000.0,0.0,0.0,1.0,50,0,0,0,1,1,50.0,0.0,0.0,0.0,1.0,0,0,0,0,0,0,0,0,0,0,0,0,0,0,0,0,0,0,0,0,0,20000,0,0,1,0,0,0,0,0,0,0,0,0,0,0,0,0,0,0,0,0,0,0,0,0,0,0,0,0,0,0,0,0,0,0,0,0,0,0,0,0,0,0,0,0,0,0,0,0,0,0,0,0,0,0,0,0,0,0,0,0,0,0,0,0,0,0,0,0,0,0,0,0,0,0,0,0,0,0,0,0,0,0,0,0,0,0,0,0,0,0,0,0,0,50,0,0,0,1,0,0,0,0,0,0,0,0,0,0
4121.0,Kisoro,140678,19691,24,0,73,16,8,4,6,0,0,0,0,750,0,0,1,1,0.0,750.0,0.0,0.0,1.0,140678,18941,24,73,15,5,28135.6,3788.2,4.8,14.6,3.0,0,0,0,0,0,0,0,0,0,0,0,0,0,0,0,0,0,0,0,0,0,0,0,0,0,0,0,0,0,0,0,0,0,0,0,0,0,0,0,0,0,0,0,0,0,0,0,0,0,0,0,0,0,0,0,0,0,0,0,0,0,0,0,0,0,0,750,0,0,1,0,0,0,0,0,0,0,0,0,0,0,0,0,0,0,0,0,0,0,0,0,0,0,0,0,0,0,0,0,0,0,0,0,0,1,0,0,0,0,0,49934,234,24,36,3,84874,5282,0,28,3,120,13420,0,8,3,5750,5,0,1,5
3065.0,Adjumani,12656,14400,0,0,896,9,4,0,1,0,0,4,0,0,0,0,0,0,0.0,0.0,0.0,0.0,0.0,12656,14400,0,896,9,3,4218.666666666667,4800.0,0.0,298.6666666666667,3.0,0,0,0,0,0,0,0,0,0,0,0,0,0,0,0,0,0,0,0,0,0,0,0,0,0,0,0,0,0,0,0,0,0,0,0,0,0,0,0,0,0,0,0,0,0,0,0,0,0,0,0,0,0,0,0,0,0,0,0,0,0,0,0,0,0,0,0,0,0,0,0,0,0,0,0,0,0,0,0,0,0,0,0,0,0,0,0,0,0,0,0,0,0,0,0,0,0,0,0,0,0,0,0,0,0,0,0,0,0,0,857,900,0,0,3,11278,13290,0,820,2,0,0,0,0,0,521,210,0,76,4
2029.0,Bududa,419281,13186,759,75,753,12,3,11,1,0,0,0,416784,12286,759,738,5,3,138928.0,4095.3333333333335,253.0,246.0,1.6666666666666667,2497,900,0,15,7,5,499.4,180.0,0.0,3.0,1.4,0,0,0,0,0,0,0,0,0,0,0,0,0,0,0,0,0,0,0,0,0,0,0,0,0,0,0,0,0,0,0,0,0,0,0,0,0,0,0,0,0,0,0,0,0,0,0,0,0,0,0,5000,400,0,1,0,0,0,0,0,0,0,0,0,0,0,0,0,0,0,0,0,0,0,0,0,0,0,0,0,0,0,0,0,0,0,0,0,0,0,24000,6116,92,288,2,392784,1170,267,450,2,0,0,0,0,0,214,0,0,0,1,1672,530,0,0,1,372,42,0,10,2,212,324,0,4,2,27,4,0,1,1
2035.0,Busia,720,12090,1,0,0,4,3,0,1,0,0,0,0,0,1,0,1,1,0.0,0.0,1.0,0.0,1.0,720,12090,0,0,3,2,360.0,6045.0,0.0,0.0,1.5,0,0,0,0,0,0,0,0,0,0,0,0,0,0,0,0,0,0,0,0,0,0,0,0,0,0,0,0,0,0,0,0,0,0,0,0,0,0,0,0,0,0,0,0,0,0,0,0,0,0,0,0,0,0,0,0,0,0,0,0,0,0,0,0,0,0,0,0,0,0,0,0,0,0,0,0,0,0,0,0,0,0,0,0,0,0,0,0,0,0,0,0,0,0,0,0,0,1,0,1,0,12000,0,0,2,0,0,0,0,0,720,90,0,0,1,0,0,0,0,0,0,0,0,0,0,0,0,0,0,0
2056.0,Namisindwa,4014,7523,5,50,2266,9,2,4,3,0,0,1,0,1500,0,0,1,1,0.0,1500.0,0.0,0.0,1.0,4014,6023,5,2266,8,4,1003.5,1505.75,1.25,566.5,2.0,0,0,0,0,0,0,0,0,0,0,0,0,0,0,0,0,0,0,0,0,0,0,0,0,0,0,0,0,0,0,0,0,0,0,0,0,0,0,0,0,0,0,0,0,0,0,0,0,0,0,0,0,0,0,0,0,0,0,0,0,0,0,0,0,0,0,0,0,0,0,0,0,0,0,0,0,0,0,0,0,0,0,0,0,0,0,0,0,0,0,0,1500,0,0,1,0,0,0,0,0,0,49,0,0,1,0,0,0,0,0,0,0,0,0,0,344,82,0,32,2,2170,892,0,284,4,1500,5000,5,1950,1
1010.0,Kayunga,17266,7199,0,0,1332,20,15,0,5,0,0,0,0,0,0,0,0,0,0.0,0.0,0.0,0.0,0.0,17266,7199,0,1332,20,4,4316.5,1799.75,0.0,333.0,5.0,0,0,0,0,0,0,0,0,0,0,0,0,0,0,0,0,0,0,0,0,0,0,0,0,0,0,0,0,0,0,0,0,0,0,0,0,0,0,0,0,0,0,0,0,0,0,0,0,0,0,0,0,0,0,0,0,0,0,0,0,0,0,0,0,0,0,0,0,0,0,0,0,0,0,0,0,0,0,0,0,0,0,0,0,0,0,0,0,0,0,0,0,0,0,0,0,0,0,0,0,0,0,0,0,0,0,0,0,0,0,1400,1260,0,0,1,13305,4266,0,946,12,1558,1310,0,308,4,1003,363,0,78,3
3073.0,Dokolo,0,6400,0,0,0,2,2,0,0,0,0,0,0,0,0,0,0,0,0.0,0.0,0.0,0.0,0.0,0,6400,0,0,2,2,0.0,3200.0,0.0,0.0,1.0,0,0,0,0,0,0,0,0,0,0,0,0,0,0,0,0,0,0,0,0,0,0,0,0,0,0,0,0,0,0,0,0,0,0,0,0,0,0,0,0,0,0,0,0,0,0,0,0,0,0,0,0,0,0,0,0,0,0,0,0,0,0,0,0,0,0,0,0,0,0,0,0,0,0,0,0,0,0,0,0,0,0,0,0,0,0,0,0,0,0,0,0,0,0,0,0,0,0,0,0,0,4900,0,0,1,0,0,0,0,0,0,0,0,0,0,0,0,0,0,0,0,1500,0,0,1,0,0,0,0,0
2044.0,Kamuli,3127,6345,0,0,597,3,2,0,1,0,0,0,0,3500,0,0,1,1,0.0,3500.0,0.0,0.0,1.0,3127,2845,0,597,2,2,1563.5,1422.5,0.0,298.5,1.0,0,0,0,0,0,0,0,0,0,0,0,0,0,0,0,0,0,0,0,0,0,0,0,0,0,0,0,0,0,0,0,0,0,0,0,0,0,0,0,0,0,0,0,0,0,0,0,0,0,0,0,0,0,0,0,0,0,0,0,0,0,0,0,0,0,0,0,0,0,0,0,0,0,0,0,0,0,0,0,0,0,0,0,0,0,0,3500,0,0,1,0,0,0,0,0,0,0,0,0,0,0,0,0,0,0,0,0,0,0,0,0,0,0,0,0,1075,325,0,225,1,2052,2520,0,372,1,0,0,0,0,0
3095.0,Otuke,40448,5968,0,0,1766,3,3,0,0,0,0,0,0,0,0,0,0,0,0.0,0.0,0.0,0.0,0.0,40448,5968,0,1766,3,2,20224.0,2984.0,0.0,883.0,1.5,0,0,0,0,0,0,0,0,0,0,0,0,0,0,0,0,0,0,0,0,0,0,0,0,0,0,0,0,0,0,0,0,0,0,0,0,0,0,0,0,0,0,0,0,0,0,0,0,0,0,0,0,0,0,0,0,0,0,0,0,0,0,0,0,0,0,0,0,0,0,0,0,0,0,0,0,0,0,0,0,0,0,0,0,0,0,0,0,0,0,0,0,0,0,0,0,0,0,0,0,0,0,0,0,0,0,0,0,0,0,0,0,0,0,0,0,0,0,0,0,27120,1730,0,180,1,13328,4238,0,1586,2
1020.0,Mubende,16517,5782,0,0,94,3,0,0,3,0,0,0,0,0,0,0,0,0,0.0,0.0,0.0,0.0,0.0,16517,5782,0,94,3,3,5505.666666666667,1927.3333333333333,0.0,31.333333333333332,1.0,0,0,0,0,0,0,0,0,0,0,0,0,0,0,0,0,0,0,0,0,0,0,0,0,0,0,0,0,0,0,0,0,0,0,0,0,0,0,0,0,0,0,0,0,0,0,0,0,0,0,0,0,0,0,0,0,0,0,0,0,0,0,0,0,0,0,0,0,0,0,0,0,0,0,0,0,0,0,0,0,0,0,0,0,0,0,0,0,0,0,0,0,0,0,0,0,0,0,0,0,0,0,0,0,0,0,0,0,0,0,5157,490,0,0,1,11280,5220,0,78,1,80,72,0,16,1,0,0,0,0,0
4109.0,Kabale,1317,5327,0,0,32,7,4,3,1,0,0,0,0,0,0,0,1,1,0.0,0.0,0.0,0.0,1.0,1317,5327,0,32,6,4,329.25,1331.75,0.0,8.0,1.5,0,0,0,0,0,0,0,0,0,1,0,0,0,0,0,0,0,0,0,0,0,0,0,0,0,0,0,0,0,0,0,0,0,0,0,0,0,0,0,0,0,0,0,0,0,0,0,0,0,0,0,0,0,0,0,0,0,0,0,0,0,0,0,0,0,0,0,0,0,0,0,0,0,0,0,0,0,0,0,0,0,0,0,0,0,0,0,0,0,0,0,0,0,0,0,0,0,0,0,0,0,5100,0,0,1,0,0,0,0,0,113,15,0,0,1,0,46,0,0,1,1204,166,0,32,3,0,0,0,0,0
2050.0,Kween,76920,4715,23,10,49,17,14,4,0,0,0,0,0,0,0,0,0,0,0.0,0.0,0.0,0.0,0.0,76920,4715,23,49,17,4,19230.0,1178.75,5.75,12.25,4.25,0,0,0,0,0,0,0,0,0,0,0,0,0,0,0,0,0,0,0,0,0,0,0,0,0,0,0,0,0,0,0,0,0,0,0,0,0,0,0,0,0,0,0,0,0,0,0,0,0,0,0,0,0,0,0,0,0,0,0,0,0,0,0,0,0,0,0,0,0,0,0,0,0,0,0,0,0,0,0,0,0,0,0,0,0,0,0,0,0,0,0,0,0,0,0,0,0,0,0,0,0,20,3,0,2,40000,3620,0,0,1,36315,975,0,0,12,0,0,0,0,0,0,0,0,0,0,605,100,20,49,2
3084.0,Madi Okollo,32485,4660,0,0,4321,13,12,0,0,0,0,1,0,0,0,0,0,0,0.0,0.0,0.0,0.0,0.0,32485,4660,0,4321,13,2,16242.5,2330.0,0.0,2160.5,6.5,0,0,0,0,0,0,0,0,0,0,0,0,0,0,0,0,0,0,0,0,0,0,0,0,0,0,0,0,0,0,0,0,0,0,0,0,0,0,0,0,0,0,0,0,0,0,0,0,0,0,0,0,0,0,0,0,0,0,0,0,0,0,0,0,0,0,0,0,0,0,0,0,0,0,0,0,0,0,0,0,0,0,0,0,0,0,0,0,0,0,0,0,0,0,0,0,0,0,0,0,0,0,0,0,0,0,0,0,0,0,0,0,0,0,0,32029,3830,0,4165,12,0,0,0,0,0,456,830,0,156,1
2057.0,Namutumba,0,4290,0,0,0,3,2,0,1,0,0,0,0,3940,0,0,2,2,0.0,1970.0,0.0,0.0,1.0,0,350,0,0,1,1,0.0,350.0,0.0,0.0,1.0,0,0,0,0,0,0,0,0,0,0,0,0,0,0,0,0,0,0,0,0,0,0,0,0,0,0,0,0,0,0,0,0,0,0,0,0,0,0,0,0,0,0,0,0,0,0,0,0,0,0,0,0,0,0,0,0,0,0,0,0,0,0,0,0,0,0,0,0,0,0,0,1540,0,0,1,0,0,0,0,0,0,0,0,0,0,0,0,0,0,0,0,0,0,0,0,0,2400,0,0,1,0,0,0,0,0,0,0,0,0,0,0,0,0,0,0,0,0,0,0,0,0,350,0,0,1,0,0,0,0,0
1017.0,Masaka,238,4038,0,0,47,2,1,0,1,0,0,0,0,0,0,0,0,0,0.0,0.0,0.0,0.0,0.0,238,4038,0,47,2,2,119.0,2019.0,0.0,23.5,1.0,0,0,0,0,0,0,0,0,0,0,0,0,0,0,0,0,0,0,0,0,0,0,0,0,0,0,0,0,0,0,0,0,0,0,0,0,0,0,0,0,0,0,0,0,0,0,0,0,0,0,0,0,0,0,0,0,0,0,0,0,0,0,0,0,0,0,0,0,0,0,0,0,0,0,0,0,0,0,0,0,0,0,0,0,0,0,0,0,0,0,0,0,0,0,0,0,0,0,0,0,0,0,0,0,0,0,0,0,0,0,0,0,0,0,0,0,0,0,0,0,0,3800,0,0,1,238,238,0,47,1
3068.0,Amolatar,3570,3824,0,3,546,4,3,0,1,0,0,0,0,0,0,0,0,0,0.0,0.0,0.0,0.0,0.0,3570,3824,0,546,4,3,1190.0,1274.6666666666667,0.0,182.0,1.3333333333333333,0,0,0,0,0,0,0,0,0,0,0,0,0,0,0,0,0,0,0,0,0,0,0,0,0,0,0,0,0,0,0,0,0,0,0,0,0,0,0,0,0,0,0,0,0,0,0,0,0,0,0,0,0,0,0,0,0,0,0,0,0,0,0,0,0,0,0,0,0,0,0,0,0,0,0,0,0,0,0,0,0,0,0,0,0,0,0,0,0,0,0,0,0,0,0,0,0,0,0,0,0,0,0,0,0,0,2000,0,0,1,0,0,0,0,0,2388,1110,0,114,2,1182,714,0,432,1,0,0,0,0,0
2038.0,Buyende,1750,3102,13,140,818,5,5,0,0,0,0,0,0,102,13,0,2,1,0.0,102.0,13.0,0.0,2.0,1750,3000,0,818,3,2,875.0,1500.0,0.0,409.0,1.5,0,0,0,0,0,0,0,0,0,0,0,0,0,0,0,0,0,0,0,0,0,0,0,0,0,0,0,0,0,0,0,0,0,0,0,0,0,0,0,0,0,0,0,0,0,0,0,0,0,0,0,0,0,0,0,0,0,0,0,0,0,0,0,0,0,0,0,0,0,0,0,0,0,0,0,0,0,0,0,0,0,0,0,0,0,0,0,0,0,0,0,0,0,0,0,0,102,13,0,2,0,0,0,0,0,0,0,0,0,0,0,0,0,0,0,1750,2500,0,750,1,0,500,0,68,2,0,0,0,0,0
1004.0,Buvuma,2274,3040,0,0,592,4,0,0,2,0,0,2,0,0,0,0,0,0,0.0,0.0,0.0,0.0,0.0,2274,3040,0,592,4,3,758.0,1013.3333333333334,0.0,197.33333333333334,1.3333333333333333,0,0,0,0,0,0,0,0,0,0,0,0,0,0,0,0,0,0,0,0,0,0,0,0,0,0,0,0,0,0,0,0,0,0,0,0,0,0,0,0,0,0,0,0,0,0,0,0,0,0,0,0,0,0,0,0,0,0,0,0,0,0,0,0,0,0,0,0,0,0,0,0,0,0,0,0,0,0,0,0,0,0,0,0,0,0,0,0,0,0,0,0,0,0,0,0,0,0,0,0,0,0,0,0,0,0,0,0,0,0,0,0,0,0,0,801,0,0,138,1,361,830,0,108,2,1112,2210,0,346,1
2046.0,Kapelebyong,27188,3032,0,0,813,22,15,0,2,5,0,0,0,200,0,0,1,1,0.0,200.0,0.0,0.0,1.0,27188,2832,0,813,21,3,9062.666666666666,944.0,0.0,271.0,7.0,0,0,0,0,0,0,0,0,0,0,0,0,0,0,0,0,0,0,0,0,0,0,0,0,0,0,0,0,0,0,0,0,0,0,0,0,0,0,0,0,0,0,0,0,0,0,0,0,0,0,0,0,0,0,0,0,0,0,0,0,0,0,0,0,0,0,0,0,0,0,0,0,0,0,0,0,0,0,0,0,0,0,0,0,0,0,0,0,0,0,0,200,0,0,1,0,0,0,0,0,0,0,0,0,0,0,0,0,0,0,5770,440,0,0,3,19098,1512,0,641,16,2320,880,0,172,2,0,0,0,0,0
3098.0,Pakwach,0,2700,0,0,0,1,1,0,0,0,0,0,0,0,0,0,0,0,0.0,0.0,0.0,0.0,0.0,0,2700,0,0,1,1,0.0,2700.0,0.0,0.0,1.0,0,0,0,0,0,0,0,0,0,0,0,0,0,0,0,0,0,0,0,0,0,0,0,0,0,0,0,0,0,0,0,0,0,0,0,0,0,0,0,0,0,0,0,0,0,0,0,0,0,0,0,0,0,0,0,0,0,0,0,0,0,0,0,0,0,0,0,0,0,0,0,0,0,0,0,0,0,0,0,0,0,0,0,0,0,0,0,0,0,0,0,0,0,0,0,0,0,0,0,0,0,2700,0,0,1,0,0,0,0,0,0,0,0,0,0,0,0,0,0,0,0,0,0,0,0,0,0,0,0,0
2041.0,Kaberamaido,6800,2600,0,0,260,3,3,0,0,0,0,0,0,0,0,0,0,0,0.0,0.0,0.0,0.0,0.0,6800,2600,0,260,3,2,3400.0,1300.0,0.0,130.0,1.5,0,0,0,0,0,0,0,0,0,0,0,0,0,0,0,0,0,0,0,0,0,0,0,0,0,0,0,0,0,0,0,0,0,0,0,0,0,0,0,0,0,0,0,0,0,0,0,0,0,0,0,0,0,0,0,0,0,0,0,0,0,0,0,0,0,0,0,0,0,0,0,0,0,0,0,0,0,0,0,0,0,0,0,0,0,0,0,0,0,0,0,0,0,0,0,0,0,0,0,0,0,480,0,0,1,0,0,0,0,0,0,0,0,0,0,0,0,0,0,0,6800,2120,0,260,2,0,0,0,0,0
4133.0,Rukungiri,16232,2507,0,0,443,5,2,1,3,0,0,0,0,0,0,0,0,0,0.0,0.0,0.0,0.0,0.0,16232,2507,0,443,5,3,5410.666666666667,835.6666666666666,0.0,147.66666666666666,1.6666666666666667,0,0,0,0,0,0,0,0,0,0,0,0,0,0,0,0,0,0,0,0,0,0,0,0,0,0,0,0,0,0,0,0,0,0,0,0,0,0,0,0,0,0,0,0,0,0,0,0,0,0,0,0,0,0,0,0,0,0,0,0,0,0,0,0,0,0,0,0,0,0,0,0,0,0,0,0,0,0,0,0,0,0,0,0,0,0,0,0,0,0,0,0,0,0,0,0,0,0,0,0,0,0,0,0,0,0,0,0,0,0,8,0,0,0,1,4150,2392,0,437,2,12074,115,0,6,2,0,0,0,0,0
1023.0,Nakasongola,217,2479,0,0,15,6,3,0,1,0,0,2,0,0,0,0,0,0,0.0,0.0,0.0,0.0,0.0,217,2479,0,15,6,3,72.33333333333333,826.3333333333334,0.0,5.0,2.0,0,0,0,0,0,0,0,0,0,0,0,0,0,0,0,0,0,0,0,0,0,0,0,0,0,0,0,0,0,0,0,0,0,0,0,0,0,0,0,0,0,0,0,0,0,0,0,0,0,0,0,0,0,0,0,0,0,0,0,0,0,0,0,0,0,0,0,0,0,0,0,0,0,0,0,0,0,0,0,0,0,0,0,0,0,0,0,0,0,0,0,0,0,0,0,0,0,0,0,0,0,2437,0,0,3,0,0,0,0,0,149,0,0,0,1,0,0,0,0,0,0,0,0,0,0,68,42,0,15,2
1001.0,Buikwe,1172,2455,0,0,194,8,1,0,7,0,0,1,0,980,0,0,1,1,0.0,980.0,0.0,0.0,1.0,1172,1475,0,194,7,2,586.0,737.5,0.0,97.0,3.5,0,0,0,0,0,0,0,0,0,0,0,0,0,0,0,0,0,0,0,0,0,0,0,0,0,0,0,0,0,0,0,0,0,0,0,0,0,0,0,0,0,0,0,0,0,0,0,0,0,0,0,0,0,0,0,0,0,0,0,0,0,0,0,0,0,0,0,0,0,0,0,0,0,0,0,0,0,0,0,0,0,0,0,0,0,0,0,0,0,0,0,0,0,0,0,0,980,0,0,1,0,0,0,0,0,0,0,0,0,0,0,0,0,0,0,0,0,0,0,0,872,1445,0,188,6,300,30,0,6,1
1019.0,Mpigi,0,2400,0,0,0,1,0,0,1,0,0,0,0,0,0,0,0,0,0.0,0.0,0.0,0.0,0.0,0,2400,0,0,1,1,0.0,2400.0,0.0,0.0,1.0,0,0,0,0,0,0,0,0,0,0,0,0,0,0,0,0,0,0,0,0,0,0,0,0,0,0,0,0,0,0,0,0,0,0,0,0,0,0,0,0,0,0,0,0,0,0,0,0,0,0,0,0,0,0,0,0,0,0,0,0,0,0,0,0,0,0,0,0,0,0,0,0,0,0,0,0,0,0,0,0,0,0,0,0,0,0,0,0,0,0,0,0,0,0,0,0,0,0,0,0,0,0,0,0,0,0,0,0,0,0,0,0,0,0,0,0,0,0,0,0,0,2400,0,0,1,0,0,0,0,0
4104.0,Bunyangabu,3290,2356,0,0,149,6,2,2,3,0,0,0,0,0,0,0,0,0,0.0,0.0,0.0,0.0,0.0,3290,2356,0,149,6,1,3290.0,2356.0,0.0,149.0,6.0,0,0,0,0,0,0,0,0,0,0,0,0,0,0,0,0,0,0,0,0,0,0,0,0,0,0,0,0,0,0,0,0,0,0,0,0,0,0,0,0,0,0,0,0,0,0,0,0,0,0,0,0,0,0,0,0,0,0,0,0,0,0,0,0,0,0,0,0,0,0,0,0,0,0,0,0,0,0,0,0,0,0,0,0,0,0,0,0,0,0,0,0,0,0,0,0,0,0,0,0,0,0,0,0,0,0,0,0,0,0,0,0,0,0,0,0,0,0,0,0,3290,2356,0,149,6,0,0,0,0,0
1026.0,Wakiso,2449,2157,35,14,329,13,3,1,5,0,0,6,0,0,0,0,0,0,0.0,0.0,0.0,0.0,0.0,2449,2157,35,329,13,4,612.25,539.25,8.75,82.25,3.25,0,0,0,0,0,0,0,0,0,0,0,0,0,0,0,0,0,0,0,0,0,0,0,0,0,0,0,0,0,0,0,0,0,0,0,0,0,0,0,0,0,0,0,0,0,0,0,0,0,0,0,0,0,0,0,0,0,0,0,0,0,0,0,0,0,0,0,0,0,0,0,0,0,0,0,0,0,0,0,0,0,0,0,0,0,0,0,0,0,0,0,0,0,0,0,0,0,0,0,0,0,0,0,0,0,0,0,0,0,0,1363,385,0,0,4,916,1610,0,318,6,50,42,35,0,2,120,120,0,11,1
1024.0,Rakai,265,1668,14,0,69,3,1,0,1,0,1,0,0,1100,4,0,1,1,0.0,1100.0,4.0,0.0,1.0,265,568,10,69,2,2,132.5,284.0,5.0,34.5,1.0,0,0,0,0,0,0,0,0,0,0,0,0,0,0,0,0,0,0,0,0,0,0,0,0,0,0,0,0,0,0,0,0,0,0,0,0,0,0,0,0,0,0,0,0,0,0,0,0,0,0,0,0,0,0,0,0,0,0,0,0,0,0,0,0,0,0,0,0,0,0,0,0,0,0,0,0,0,0,0,0,0,1100,4,0,1,0,0,0,0,0,0,0,0,0,0,0,0,0,0,0,0,0,0,0,0,0,0,0,0,0,0,400,10,0,1,0,0,0,0,0,0,0,0,0,0,265,168,0,69,1
3067.0,Alebtong,1567,1567,0,0,252,2,2,0,0,0,0,0,0,0,0,0,0,0,0.0,0.0,0.0,0.0,0.0,1567,1567,0,252,2,1,1567.0,1567.0,0.0,252.0,2.0,0,0,0,0,0,0,0,0,0,0,0,0,0,0,0,0,0,0,0,0,0,0,0,0,0,0,0,0,0,0,0,0,0,0,0,0,0,0,0,0,0,0,0,0,0,0,0,0,0,0,0,0,0,0,0,0,0,0,0,0,0,0,0,0,0,0,0,0,0,0,0,0,0,0,0,0,0,0,0,0,0,0,0,0,0,0,0,0,0,0,0,0,0,0,0,0,0,0,0,0,0,0,0,0,0,0,0,0,0,0,0,0,0,0,0,0,0,0,0,0,0,0,0,0,0,1567,1567,0,252,2
2040.0,Jinja,0,1500,0,0,0,1,0,0,1,0,0,0,0,1500,0,0,1,1,0.0,1500.0,0.0,0.0,1.0,0,0,0,0,0,0,0.0,0.0,0.0,0.0,0.0,0,0,0,0,0,0,0,0,0,0,0,0,0,0,0,0,0,0,0,0,0,0,0,0,0,0,0,0,0,0,0,0,0,0,0,0,0,0,0,0,0,0,0,0,0,0,0,0,0,0,0,0,0,0,0,0,0,0,0,0,0,0,0,0,0,0,0,0,0,0,0,1500,0,0,1,0,0,0,0,0,0,0,0,0,0,0,0,0,0,0,0,0,0,0,0,0,0,0,0,0,0,0,0,0,0,0,0,0,0,0,0,0,0,0,0,0,0,0,0,0,0,0,0,0,0,0,0,0,0,0
1008.0,Kampala,10157,1373,64,14,266,14,9,1,1,0,0,4,2500,98,21,0,3,1,2500.0,98.0,21.0,0.0,3.0,7657,1275,43,266,11,4,1914.25,318.75,10.75,66.5,2.75,0,0,0,0,0,0,0,0,0,0,0,0,0,0,0,0,0,0,0,0,0,0,0,0,0,0,0,0,0,0,0,0,0,0,0,0,0,0,0,0,0,0,0,0,0,0,0,0,0,0,0,0,0,0,0,0,0,0,0,0,0,0,0,0,0,0,0,0,0,0,0,0,0,0,0,0,0,0,0,0,0,0,0,0,0,0,0,0,0,0,0,0,0,0,0,2500,98,21,0,3,0,0,2,0,1,0,0,0,0,0,0,0,0,0,0,7048,1175,0,174,5,24,10,34,2,2,585,90,7,90,3
2045.0,Kapchorwa,597,1165,0,0,290,3,1,1,0,0,0,1,0,0,0,0,0,0,0.0,0.0,0.0,0.0,0.0,597,1165,0,290,3,3,199.0,388.3333333333333,0.0,96.66666666666667,1.0,0,0,0,0,0,0,0,0,0,0,0,0,0,0,0,0,0,0,0,0,0,0,0,0,0,0,0,0,0,0,0,0,0,0,0,0,0,0,0,0,0,0,0,0,0,0,0,0,0,0,0,0,0,0,0,0,0,0,0,0,0,0,0,0,0,0,0,0,0,0,0,0,0,0,0,0,0,0,0,0,0,0,0,0,0,0,0,0,0,0,0,0,0,0,0,0,0,0,0,0,0,0,0,0,0,0,0,0,0,0,35,175,0,0,1,0,0,0,0,0,212,240,0,40,1,350,750,0,250,1
4301.0,,2834,1090,0,0,22,2,2,0,0,0,0,0,2834,1090,0,22,2,1,2834.0,1090.0,0.0,22.0,2.0,0,0,0,0,0,0,0.0,0.0,0.0,0.0,0.0,0,0,0,0,0,0,0,0,0,0,0,0,0,0,0,0,0,0,0,0,0,0,0,0,0,0,0,0,0,0,0,0,0,0,0,0,0,0,0,0,0,0,0,0,0,0,0,0,0,0,0,0,0,0,0,0,0,0,0,0,0,0,0,0,0,0,0,0,0,0,0,0,0,0,0,0,0,0,0,0,0,0,0,0,0,0,0,0,0,0,0,0,0,0,0,2834,1090,0,22,2,0,0,0,0,0,0,0,0,0,0,0,0,0,0,0,0,0,0,0,0,0,0,0,0,0,0,0,0,0,0
4114.0,Kanungu,51092,796,0,0,158,14,4,3,11,0,0,0,0,0,0,0,0,0,0.0,0.0,0.0,0.0,0.0,51092,796,0,158,14,3,17030.666666666668,265.3333333333333,0.0,52.666666666666664,4.666666666666667,0,0,0,0,0,0,0,0,0,0,0,0,0,0,0,0,0,0,0,0,0,0,0,0,0,0,0,0,0,0,0,0,0,0,0,0,0,0,0,0,0,0,0,0,0,0,0,0,0,0,0,0,0,0,0,0,0,0,0,0,0,0,0,0,0,0,0,0,0,0,0,0,0,0,0,0,0,0,0,0,0,0,0,0,0,0,0,0,0,0,0,0,0,0,0,0,0,0,0,0,0,0,0,0,0,0,0,0,0,0,9519,0,0,0,4,12511,340,0,60,5,29062,456,0,98,5,0,0,0,0,0
3083.0,Lira,440,760,0,0,60,1,0,0,1,0,0,0,0,0,0,0,0,0,0.0,0.0,0.0,0.0,0.0,440,760,0,60,1,1,440.0,760.0,0.0,60.0,1.0,0,0,0,0,0,0,0,0,0,0,0,0,0,0,0,0,0,0,0,0,0,0,0,0,0,0,0,0,0,0,0,0,0,0,0,0,0,0,0,0,0,0,0,0,0,0,0,0,0,0,0,0,0,0,0,0,0,0,0,0,0,0,0,0,0,0,0,0,0,0,0,0,0,0,0,0,0,0,0,0,0,0,0,0,0,0,0,0,0,0,0,0,0,0,0,0,0,0,0,0,0,0,0,0,0,0,0,0,0,0,0,0,0,0,0,0,0,0,0,0,440,760,0,60,1,0,0,0,0,0
4103.0,Bundibyo,5622,727,17,0,167,4,3,1,0,0,0,0,0,0,16,0,1,1,0.0,0.0,16.0,0.0,1.0,5622,727,1,167,3,2,2811.0,363.5,0.5,83.5,1.5,0,0,0,0,0,0,0,0,0,0,0,0,0,0,0,0,0,0,0,0,0,0,0,0,0,0,0,0,0,0,0,0,0,0,0,0,0,0,0,0,0,0,0,0,0,0,0,0,0,0,0,0,0,0,0,0,0,0,0,0,0,0,0,0,0,0,0,0,0,0,0,0,0,0,0,0,0,0,0,0,0,0,0,0,0,0,0,0,0,0,0,0,0,0,0,0,0,16,0,1,4000,0,1,0,1,0,0,0,0,0,0,0,0,0,0,0,0,0,0,0,0,0,0,0,0,1622,727,0,167,2
3097.0,Pader,0,600,0,0,0,1,0,1,0,0,0,0,0,0,0,0,0,0,0.0,0.0,0.0,0.0,0.0,0,600,0,0,1,1,0.0,600.0,0.0,0.0,1.0,0,0,0,0,0,0,0,0,0,0,0,0,0,0,0,0,0,0,0,0,0,0,0,0,0,0,0,0,0,0,0,0,0,0,0,0,0,0,0,0,0,0,0,0,0,0,0,0,0,0,0,0,0,0,0,0,0,0,0,0,0,0,0,0,0,0,0,0,0,0,0,0,0,0,0,0,0,0,0,0,0,0,0,0,0,0,0,0,0,0,0,0,0,0,0,0,0,0,0,0,0,0,0,0,0,0,0,0,0,0,0,0,0,0,0,0,0,0,0,0,0,600,0,0,1,0,0,0,0,0
2028.0,Budaka,114,594,0,0,13,3,0,0,3,0,0,0,0,340,0,0,1,1,0.0,340.0,0.0,0.0,1.0,114,254,0,13,2,1,114.0,254.0,0.0,13.0,2.0,0,0,0,0,0,0,0,0,0,0,0,0,0,0,0,0,0,0,0,0,0,0,0,0,0,0,0,0,0,0,0,0,0,0,0,0,0,0,0,0,0,0,0,0,0,0,0,0,0,0,0,0,0,0,0,0,0,0,0,0,0,0,0,0,0,0,0,0,0,0,0,0,0,0,0,0,0,0,0,0,0,0,0,0,0,0,0,0,0,0,0,0,0,0,0,0,340,0,0,1,0,0,0,0,0,0,0,0,0,0,0,0,0,0,0,0,0,0,0,0,114,254,0,13,2,0,0,0,0,0
2052.0,Manafwa,4062,594,0,0,88,4,0,3,2,0,0,0,0,200,0,0,1,1,0.0,200.0,0.0,0.0,1.0,4062,394,0,88,3,2,2031.0,197.0,0.0,44.0,1.5,0,0,0,0,0,0,0,0,0,0,0,0,0,0,0,0,0,0,0,0,0,0,0,0,0,0,0,0,0,0,0,0,0,0,0,0,0,0,0,0,0,0,0,0,0,0,0,0,0,0,0,0,0,0,0,0,0,0,0,0,0,0,0,0,0,0,0,0,0,0,0,0,0,0,0,0,0,0,0,0,0,0,0,0,0,0,0,0,0,0,0,200,0,0,1,0,0,0,0,0,0,0,0,0,0,0,0,0,0,0,0,0,0,0,0,3632,196,0,64,2,430,198,0,24,1,0,0,0,0,0
1013.0,Kyotera,389,572,0,0,66,2,1,0,1,0,0,0,0,0,0,0,0,0,0.0,0.0,0.0,0.0,0.0,389,572,0,66,2,2,194.5,286.0,0.0,33.0,1.0,0,0,0,0,0,0,0,0,0,0,0,0,0,0,0,0,0,0,0,0,0,0,0,0,0,0,0,0,0,0,0,0,0,0,0,0,0,0,0,0,0,0,0,0,0,0,0,0,0,0,0,0,0,0,0,0,0,0,0,0,0,0,0,0,0,0,0,0,0,0,0,0,0,0,0,0,0,0,0,0,0,0,0,0,0,0,0,0,0,0,0,0,0,0,0,0,0,0,0,0,0,0,0,0,0,0,0,0,0,0,0,0,0,0,0,0,0,0,0,0,206,372,0,26,1,183,200,0,40,1
2063.0,Tororo,5134,460,0,0,13,10,1,0,6,1,0,3,0,50,0,0,1,1,0.0,50.0,0.0,0.0,1.0,5134,410,0,13,9,3,1711.3333333333333,136.66666666666666,0.0,4.333333333333333,3.0,0,0,0,0,0,0,0,0,0,0,0,0,0,0,0,0,0,0,0,0,0,0,0,0,0,0,0,0,0,0,0,0,0,0,0,0,0,0,0,0,0,0,0,0,0,0,0,0,0,0,0,0,0,0,0,0,0,0,0,0,0,0,0,0,0,0,0,0,0,0,0,0,0,0,0,0,0,0,0,0,0,0,0,0,0,0,0,0,0,0,0,0,0,0,0,0,50,0,0,1,0,0,0,0,0,0,0,0,0,0,5060,350,0,0,3,74,48,0,13,5,0,12,0,0,1,0,0,0,0,0
2048.0,Kibuku,415,435,0,0,0,3,0,0,3,0,0,0,0,0,0,0,0,0,0.0,0.0,0.0,0.0,0.0,415,435,0,0,3,2,207.5,217.5,0.0,0.0,1.5,0,0,0,0,0,0,0,0,0,0,0,0,0,0,0,0,0,0,0,0,0,0,0,0,0,0,0,0,0,0,0,0,0,0,0,0,0,0,0,0,0,0,0,0,0,0,0,0,0,0,0,0,0,0,0,0,0,0,0,0,0,0,0,0,0,0,0,0,0,0,0,0,0,0,0,0,0,0,0,0,0,0,0,0,0,0,0,0,0,0,0,0,0,0,0,0,0,0,0,0,0,0,0,0,0,0,0,0,0,0,97,75,0,0,1,0,0,0,0,0,318,360,0,0,2,0,0,0,0,0
4111.0,Kagadi,1568,411,0,0,44,2,0,0,2,0,0,0,0,0,0,0,0,0,0.0,0.0,0.0,0.0,0.0,1568,411,0,44,2,2,784.0,205.5,0.0,22.0,1.0,0,0,0,0,0,0,0,0,0,0,0,0,0,0,0,0,0,0,0,0,0,0,0,0,0,0,0,0,0,0,0,0,0,0,0,0,0,0,0,0,0,0,0,0,0,0,0,0,0,0,0,0,0,0,0,0,0,0,0,0,0,0,0,0,0,0,0,0,0,0,0,0,0,0,0,0,0,0,0,0,0,0,0,0,0,0,0,0,0,0,0,0,0,0,0,0,0,0,0,0,0,0,0,0,0,0,0,0,0,0,1242,105,0,0,1,0,0,0,0,0,326,306,0,44,1,0,0,0,0,0
4118.0,Kikuube,942,350,0,0,0,1,0,0,1,0,0,0,0,0,0,0,0,0,0.0,0.0,0.0,0.0,0.0,942,350,0,0,1,1,942.0,350.0,0.0,0.0,1.0,0,0,0,0,0,0,0,0,0,0,0,0,0,0,0,0,0,0,0,0,0,0,0,0,0,0,0,0,0,0,0,0,0,0,0,0,0,0,0,0,0,0,0,0,0,0,0,0,0,0,0,0,0,0,0,0,0,0,0,0,0,0,0,0,0,0,0,0,0,0,0,0,0,0,0,0,0,0,0,0,0,0,0,0,0,0,0,0,0,0,0,0,0,0,0,0,0,0,0,0,0,0,0,0,0,0,0,0,0,0,942,350,0,0,1,0,0,0,0,0,0,0,0,0,0,0,0,0,0,0
3087.0,Moyo,1102,333,0,0,74,2,2,0,0,0,0,0,0,0,0,0,0,0,0.0,0.0,0.0,0.0,0.0,1102,333,0,74,2,2,551.0,166.5,0.0,37.0,1.0,0,0,0,0,0,0,0,0,0,0,0,0,0,0,0,0,0,0,0,0,0,0,0,0,0,0,0,0,0,0,0,0,0,0,0,0,0,0,0,0,0,0,0,0,0,0,0,0,0,0,0,0,0,0,0,0,0,0,0,0,0,0,0,0,0,0,0,0,0,0,0,0,0,0,0,0,0,0,0,0,0,0,0,0,0,0,0,0,0,0,0,0,0,0,0,0,0,0,0,0,0,0,0,0,0,0,0,0,0,0,0,0,0,0,0,0,0,0,0,0,0,300,0,0,1,1102,33,0,74,1
1007.0,Kalungu,51,318,0,0,21,2,1,0,1,0,0,0,0,0,0,0,0,0,0.0,0.0,0.0,0.0,0.0,51,318,0,21,2,1,51.0,318.0,0.0,21.0,2.0,0,0,0,0,0,0,0,0,0,0,0,0,0,0,0,0,0,0,0,0,0,0,0,0,0,0,0,0,0,0,0,0,0,0,0,0,0,0,0,0,0,0,0,0,0,0,0,0,0,0,0,0,0,0,0,0,0,0,0,0,0,0,0,0,0,0,0,0,0,0,0,0,0,0,0,0,0,0,0,0,0,0,0,0,0,0,0,0,0,0,0,0,0,0,0,0,0,0,0,0,0,0,0,0,0,0,0,0,0,0,0,0,0,0,0,51,318,0,21,2,0,0,0,0,0,0,0,0,0,0
2039.0,Iganga,0,300,1,0,0,1,1,0,0,0,0,0,0,300,1,0,1,1,0.0,300.0,1.0,0.0,1.0,0,0,0,0,0,0,0.0,0.0,0.0,0.0,0.0,0,0,0,0,0,0,0,0,0,0,0,0,0,0,0,0,0,0,0,0,0,0,0,0,0,0,0,0,0,0,0,0,0,0,0,0,0,0,0,0,0,0,0,0,0,0,0,0,0,0,0,0,0,0,0,0,0,0,0,0,0,0,0,0,0,0,0,0,0,0,0,0,0,0,0,0,0,0,0,0,0,0,0,0,0,0,0,0,0,0,0,0,0,0,0,0,300,1,0,1,0,0,0,0,0,0,0,0,0,0,0,0,0,0,0,0,0,0,0,0,0,0,0,0,0,0,0,0,0,0
3088.0,Nabilatuk,138,300,0,0,20,2,1,0,0,0,0,1,0,0,0,0,0,0,0.0,0.0,0.0,0.0,0.0,138,300,0,20,2,2,69.0,150.0,0.0,10.0,1.0,0,0,0,0,0,0,0,0,0,0,0,0,0,0,0,0,0,0,0,0,0,0,0,0,0,0,0,0,0,0,0,0,0,0,0,0,0,0,0,0,0,0,0,0,0,0,0,0,0,0,0,0,0,0,0,0,0,0,0,0,0,0,0,0,0,0,0,0,0,0,0,0,0,0,0,0,0,0,0,0,0,0,0,0,0,0,0,0,0,0,0,0,0,0,0,0,0,0,0,0,0,0,0,0,0,0,0,0,0,0,0,0,0,0,0,0,0,0,0,0,0,200,0,0,1,138,100,0,20,1
1009.0,Kassanda,15087,230,0,0,32,3,0,0,3,0,0,0,0,0,0,0,0,0,0.0,0.0,0.0,0.0,0.0,15087,230,0,32,3,2,7543.5,115.0,0.0,16.0,1.5,0,0,0,0,0,0,0,0,0,0,0,0,0,0,0,0,0,0,0,0,0,0,0,0,0,0,0,0,0,0,0,0,0,0,0,0,0,0,0,0,0,0,0,0,0,0,0,0,0,0,0,0,0,0,0,0,0,0,0,0,0,0,0,0,0,0,0,0,0,0,0,0,0,0,0,0,0,0,0,0,0,0,0,0,0,0,0,0,0,0,0,0,0,0,0,0,0,0,0,0,0,0,0,0,0,0,0,0,0,0,37,0,0,0,1,0,0,0,0,0,0,0,0,0,0,15050,230,0,32,2
1022.0,Nakaseke,0,220,0,0,0,1,0,0,1,0,0,0,0,220,0,0,1,1,0.0,220.0,0.0,0.0,1.0,0,0,0,0,0,0,0.0,0.0,0.0,0.0,0.0,0,0,0,0,0,0,0,0,0,0,0,0,0,0,0,0,0,0,0,0,0,0,0,0,0,0,0,0,0,0,0,0,0,0,0,0,0,0,0,0,0,0,0,0,0,0,0,0,0,0,0,0,0,0,0,0,0,0,0,0,0,0,0,0,0,0,0,0,0,0,0,0,0,0,0,0,0,0,0,0,0,0,0,0,0,0,0,0,0,0,0,220,0,0,1,0,0,0,0,0,0,0,0,0,0,0,0,0,0,0,0,0,0,0,0,0,0,0,0,0,0,0,0,0,0,0,0,0,0,0
2043.0,Kaliro,0,210,0,0,0,1,0,0,1,0,0,0,0,210,0,0,1,1,0.0,210.0,0.0,0.0,1.0,0,0,0,0,0,0,0.0,0.0,0.0,0.0,0.0,0,0,0,0,0,0,0,0,0,0,0,0,0,0,0,0,0,0,0,0,0,0,0,0,0,0,0,0,0,0,0,0,0,0,0,0,0,0,0,0,0,0,0,0,0,0,0,0,0,0,0,0,0,0,0,0,0,0,0,0,0,0,0,0,0,0,0,0,0,0,0,0,0,0,0,0,0,0,0,0,0,0,0,0,0,0,0,0,0,0,0,0,0,0,0,0,210,0,0,1,0,0,0,0,0,0,0,0,0,0,0,0,0,0,0,0,0,0,0,0,0,0,0,0,0,0,0,0,0,0
3066.0,Agago,0,200,0,0,0,1,1,0,0,0,0,0,0,0,0,0,0,0,0.0,0.0,0.0,0.0,0.0,0,200,0,0,1,1,0.0,200.0,0.0,0.0,1.0,0,0,0,0,0,0,0,0,0,0,0,0,0,0,0,0,0,0,0,0,0,0,0,0,0,0,0,0,0,0,0,0,0,0,0,0,0,0,0,0,0,0,0,0,0,0,0,0,0,0,0,0,0,0,0,0,0,0,0,0,0,0,0,0,0,0,0,0,0,0,0,0,0,0,0,0,0,0,0,0,0,0,0,0,0,0,0,0,0,0,0,0,0,0,0,0,0,0,0,0,0,0,0,0,0,0,0,0,0,0,0,0,0,0,0,0,0,0,0,0,0,200,0,0,1,0,0,0,0,0
2062.0,Soroti,2534,200,0,0,0,4,0,0,1,3,0,0,0,200,0,0,1,1,0.0,200.0,0.0,0.0,1.0,2534,0,0,0,3,1,2534.0,0.0,0.0,0.0,3.0,0,0,0,0,0,0,0,0,0,0,0,0,0,0,0,0,0,0,0,0,0,0,0,0,0,0,0,0,0,0,0,0,0,0,0,0,0,0,0,0,0,0,0,0,0,0,0,0,0,0,0,0,0,0,0,0,0,0,0,0,0,0,0,0,0,0,0,0,0,0,0,0,0,0,0,0,0,0,0,0,0,0,0,0,0,0,0,0,0,0,0,200,0,0,1,0,0,0,0,0,0,0,0,0,0,0,0,0,0,0,0,0,0,0,0,2534,0,0,0,3,0,0,0,0,0,0,0,0,0,0
3081.0,Kwania,910,180,0,0,0,1,1,0,0,0,0,0,0,0,0,0,0,0,0.0,0.0,0.0,0.0,0.0,910,180,0,0,1,1,910.0,180.0,0.0,0.0,1.0,0,0,0,0,0,0,0,0,0,0,0,0,0,0,0,0,0,0,0,0,0,0,0,0,0,0,0,0,0,0,0,0,0,0,0,0,0,0,0,0,0,0,0,0,0,0,0,0,0,0,0,0,0,0,0,0,0,0,0,0,0,0,0,0,0,0,0,0,0,0,0,0,0,0,0,0,0,0,0,0,0,0,0,0,0,0,0,0,0,0,0,0,0,0,0,0,0,0,0,0,0,0,0,0,0,0,0,0,0,0,910,180,0,0,1,0,0,0,0,0,0,0,0,0,0,0,0,0,0,0
2027.0,Amuria,5499,161,0,0,43,10,0,0,1,9,0,1,0,0,0,0,0,0,0.0,0.0,0.0,0.0,0.0,5499,161,0,43,10,1,5499.0,161.0,0.0,43.0,10.0,0,0,0,0,0,0,0,0,0,0,0,0,0,0,0,0,0,0,0,0,0,0,0,0,0,0,0,0,0,0,0,0,0,0,0,0,0,0,0,0,0,0,0,0,0,0,0,0,0,0,0,0,0,0,0,0,0,0,0,0,0,0,0,0,0,0,0,0,0,0,0,0,0,0,0,0,0,0,0,0,0,0,0,0,0,0,0,0,0,0,0,0,0,0,0,0,0,0,0,0,0,0,0,0,0,0,0,0,0,0,0,0,0,0,0,5499,161,0,43,10,0,0,0,0,0,0,0,0,0,0
3090.0,Napak,226,130,0,0,6,2,1,0,0,0,0,1,0,0,0,0,0,0,0.0,0.0,0.0,0.0,0.0,226,130,0,6,2,2,113.0,65.0,0.0,3.0,1.0,0,0,0,0,0,0,0,0,0,0,0,0,0,0,0,0,0,0,0,0,0,0,0,0,0,0,0,0,0,0,0,0,0,0,0,0,0,0,0,0,0,0,0,0,0,0,0,0,0,0,0,0,0,0,0,0,0,0,0,0,0,0,0,0,0,0,0,0,0,0,0,0,0,0,0,0,0,0,0,0,0,0,0,0,0,0,0,0,0,0,0,0,0,0,0,0,0,0,0,0,0,0,0,0,0,0,0,0,0,0,192,100,0,0,1,0,0,0,0,0,0,0,0,0,0,34,30,0,6,1
3091.0,Nebbi,124,120,0,0,0,1,0,0,0,0,0,1,0,0,0,0,0,0,0.0,0.0,0.0,0.0,0.0,124,120,0,0,1,1,124.0,120.0,0.0,0.0,1.0,0,0,0,0,0,0,0,0,0,0,0,0,0,0,0,0,0,0,0,0,0,0,0,0,0,0,0,0,0,0,0,0,0,0,0,0,0,0,0,0,0,0,0,0,0,0,0,0,0,0,0,0,0,0,0,0,0,0,0,0,0,0,0,0,0,0,0,0,0,0,0,0,0,0,0,0,0,0,0,0,0,0,0,0,0,0,0,0,0,0,0,0,0,0,0,0,0,0,0,0,0,0,0,0,0,0,0,0,0,0,124,120,0,0,1,0,0,0,0,0,0,0,0,0,0,0,0,0,0,0
3064.0,Abim,675,105,0,0,64,1,1,0,0,0,0,0,0,0,0,0,0,0,0.0,0.0,0.0,0.0,0.0,675,105,0,64,1,1,675.0,105.0,0.0,64.0,1.0,0,0,0,0,0,0,0,0,0,0,0,0,0,0,0,0,0,0,0,0,0,0,0,0,0,0,0,0,0,0,0,0,0,0,0,0,0,0,0,0,0,0,0,0,0,0,0,0,0,0,0,0,0,0,0,0,0,0,0,0,0,0,0,0,0,0,0,0,0,0,0,0,0,0,0,0,0,0,0,0,0,0,0,0,0,0,0,0,0,0,0,0,0,0,0,0,0,0,0,0,0,0,0,0,0,0,0,0,0,0,0,0,0,0,0,0,0,0,0,0,0,0,0,0,0,675,105,0,64,1
3089.0,Nakapiripirit,98,100,0,0,16,3,0,0,2,0,0,2,0,0,0,0,0,0,0.0,0.0,0.0,0.0,0.0,98,100,0,16,3,2,49.0,50.0,0.0,8.0,1.5,0,0,0,0,0,0,0,0,0,0,0,0,0,0,0,0,0,0,0,0,0,0,0,0,0,0,0,0,0,0,0,0,0,0,0,0,0,0,0,0,0,0,0,0,0,0,0,0,0,0,0,0,0,0,0,0,0,0,0,0,0,0,0,0,0,0,0,0,0,0,0,0,0,0,0,0,0,0,0,0,0,0,0,0,0,0,0,0,0,0,0,0,0,0,0,0,0,0,0,0,0,0,0,0,0,0,0,0,0,0,0,0,0,0,0,30,30,0,2,2,0,0,0,0,0,68,70,0,14,1
2037.0,Butebo,0,80,0,0,0,1,0,0,0,0,0,0,0,0,0,0,0,0,0.0,0.0,0.0,0.0,0.0,0,80,0,0,1,1,0.0,80.0,0.0,0.0,1.0,0,0,0,0,0,0,0,0,0,0,0,0,0,0,0,0,0,0,0,0,0,0,0,0,0,0,0,0,0,0,0,0,0,0,0,0,0,0,0,0,0,0,0,0,0,0,0,0,0,0,0,0,0,0,0,0,0,0,0,0,0,0,0,0,0,0,0,0,0,0,0,0,0,0,0,0,0,0,0,0,0,0,0,0,0,0,0,0,0,0,0,0,0,0,0,0,0,0,0,0,0,80,0,0,1,0,0,0,0,0,0,0,0,0,0,0,0,0,0,0,0,0,0,0,0,0,0,0,0,0
3096.0,Oyam,2817,72,0,0,28,2,0,0,2,0,0,0,0,0,0,0,0,0,0.0,0.0,0.0,0.0,0.0,2817,72,0,28,2,1,2817.0,72.0,0.0,28.0,2.0,0,0,0,0,0,0,0,0,0,0,0,0,0,0,0,0,0,0,0,0,0,0,0,0,0,0,0,0,0,0,0,0,0,0,0,0,0,0,0,0,0,0,0,0,0,0,0,0,0,0,0,0,0,0,0,0,0,0,0,0,0,0,0,0,0,0,0,0,0,0,0,0,0,0,0,0,0,0,0,0,0,0,0,0,0,0,0,0,0,0,0,0,0,0,0,0,0,0,0,0,0,0,0,0,0,0,0,0,0,0,0,0,0,0,0,2817,72,0,28,2,0,0,0,0,0,0,0,0,0,0
3082.0,Lamwo,0,70,0,0,0,1,0,0,0,0,0,1,0,70,0,0,1,1,0.0,70.0,0.0,0.0,1.0,0,0,0,0,0,0,0.0,0.0,0.0,0.0,0.0,0,0,0,0,0,0,0,0,0,0,0,0,0,0,0,0,0,0,0,0,0,0,0,0,0,0,0,0,0,0,0,0,0,0,0,0,0,0,0,0,0,0,0,0,0,0,0,0,0,0,0,0,0,0,0,0,0,0,0,0,0,0,0,0,0,0,0,0,0,0,0,0,0,0,0,0,0,0,0,0,0,0,0,0,0,0,70,0,0,1,0,0,0,0,0,0,0,0,0,0,0,0,0,0,0,0,0,0,0,0,0,0,0,0,0,0,0,0,0,0,0,0,0,0,0,0,0,0,0,0
3075.0,Kaabong,84,70,0,0,14,1,0,0,0,0,0,1,0,0,0,0,0,0,0.0,0.0,0.0,0.0,0.0,84,70,0,14,1,1,84.0,70.0,0.0,14.0,1.0,0,0,0,0,0,0,0,0,0,0,0,0,0,0,0,0,0,0,0,0,0,0,0,0,0,0,0,0,0,0,0,0,0,0,0,0,0,0,0,0,0,0,0,0,0,0,0,0,0,0,0,0,0,0,0,0,0,0,0,0,0,0,0,0,0,0,0,0,0,0,0,0,0,0,0,0,0,0,0,0,0,0,0,0,0,0,0,0,0,0,0,0,0,0,0,0,0,0,0,0,0,0,0,0,0,0,0,0,0,0,0,0,0,0,0,0,0,0,0,0,0,0,0,0,0,84,70,0,14,1
1014.0,Luwero,285,64,0,0,1,2,0,0,2,0,0,0,0,0,0,0,0,0,0.0,0.0,0.0,0.0,0.0,285,64,0,1,2,2,142.5,32.0,0.0,0.5,1.0,0,0,0,0,0,0,0,0,0,0,0,0,0,0,0,0,0,0,0,0,0,0,0,0,0,0,0,0,0,0,0,0,0,0,0,0,0,0,0,0,0,0,0,0,0,0,0,0,0,0,0,0,0,0,0,0,0,0,0,0,0,0,0,0,0,0,0,0,0,0,0,0,0,0,0,0,0,0,0,0,0,0,0,0,0,0,0,0,0,0,0,0,0,0,0,0,0,0,0,0,0,0,0,0,0,0,0,0,0,0,0,0,0,0,0,0,0,0,0,0,0,54,0,0,1,285,10,0,1,1
4112.0,Kakumiro,1353,55,0,0,4,2,1,0,1,0,0,0,0,0,0,0,0,0,0.0,0.0,0.0,0.0,0.0,1353,55,0,4,2,2,676.5,27.5,0.0,2.0,1.0,0,0,0,0,0,0,0,0,0,0,0,0,0,0,0,0,0,0,0,0,0,0,0,0,0,0,0,0,0,0,0,0,0,0,0,0,0,0,0,0,0,0,0,0,0,0,0,0,0,0,0,0,0,0,0,0,0,0,0,0,0,0,0,0,0,0,0,0,0,0,0,0,0,0,0,0,0,0,0,0,0,0,0,0,0,0,0,0,0,0,0,0,0,0,0,0,0,0,0,0,0,0,0,0,0,0,0,0,0,0,1123,25,0,0,1,230,30,0,4,1,0,0,0,0,0,0,0,0,0,0
1018.0,Mityana,332,50,0,0,0,3,0,0,3,0,0,0,0,0,0,0,0,0,0.0,0.0,0.0,0.0,0.0,332,50,0,0,3,1,332.0,50.0,0.0,0.0,3.0,0,0,0,0,0,0,0,0,0,0,0,0,0,0,0,0,0,0,0,0,0,0,0,0,0,0,0,0,0,0,0,0,0,0,0,0,0,0,0,0,0,0,0,0,0,0,0,0,0,0,0,0,0,0,0,0,0,0,0,0,0,0,0,0,0,0,0,0,0,0,0,0,0,0,0,0,0,0,0,0,0,0,0,0,0,0,0,0,0,0,0,0,0,0,0,0,0,0,0,0,0,0,0,0,0,0,0,0,0,0,332,50,0,0,3,0,0,0,0,0,0,0,0,0,0,0,0,0,0,0
1016.0,Lyantonde,0,42,0,0,0,1,0,0,1,0,0,0,0,0,0,0,0,0,0.0,0.0,0.0,0.0,0.0,0,42,0,0,1,1,0.0,42.0,0.0,0.0,1.0,0,0,0,0,0,0,0,0,0,0,0,0,0,0,0,0,0,0,0,0,0,0,0,0,0,0,0,0,0,0,0,0,0,0,0,0,0,0,0,0,0,0,0,0,0,0,0,0,0,0,0,0,0,0,0,0,0,0,0,0,0,0,0,0,0,0,0,0,0,0,0,0,0,0,0,0,0,0,0,0,0,0,0,0,0,0,0,0,0,0,0,0,0,0,0,0,0,0,0,0,0,0,0,0,0,0,0,0,0,0,0,0,0,0,0,0,42,0,0,1,0,0,0,0,0,0,0,0,0,0
4110.0,Kabarole,0,36,0,0,0,1,1,0,0,0,0,0,0,0,0,0,0,0,0.0,0.0,0.0,0.0,0.0,0,36,0,0,1,1,0.0,36.0,0.0,0.0,1.0,0,0,0,0,0,0,0,0,0,0,0,0,0,0,0,0,0,0,0,0,0,0,0,0,0,0,0,0,0,0,0,0,0,0,0,0,0,0,0,0,0,0,0,0,0,0,0,0,0,0,0,0,0,0,0,0,0,0,0,0,0,0,0,0,0,0,0,0,0,0,0,0,0,0,0,0,0,0,0,0,0,0,0,0,0,0,0,0,0,0,0,0,0,0,0,0,0,0,0,0,0,0,0,0,0,0,0,0,0,0,0,0,0,0,0,0,0,0,0,0,0,36,0,0,1,0,0,0,0,0
1002.0,Bukomansimbi,201,35,0,0,16,1,0,0,1,0,0,0,0,0,0,0,0,0,0.0,0.0,0.0,0.0,0.0,201,35,0,16,1,1,201.0,35.0,0.0,16.0,1.0,0,0,0,0,0,0,0,0,0,0,0,0,0,0,0,0,0,0,0,0,0,0,0,0,0,0,0,0,0,0,0,0,0,0,0,0,0,0,0,0,0,0,0,0,0,0,0,0,0,0,0,0,0,0,0,0,0,0,0,0,0,0,0,0,0,0,0,0,0,0,0,0,0,0,0,0,0,0,0,0,0,0,0,0,0,0,0,0,0,0,0,0,0,0,0,0,0,0,0,0,0,0,0,0,0,0,0,0,0,0,0,0,0,0,0,0,0,0,0,0,0,0,0,0,0,201,35,0,16,1
2033.0,Bukwo,180,35,0,0,7,1,0,1,0,0,0,0,0,0,0,0,0,0,0.0,0.0,0.0,0.0,0.0,180,35,0,7,1,1,180.0,35.0,0.0,7.0,1.0,0,0,0,0,0,0,0,0,0,0,0,0,0,0,0,0,0,0,0,0,0,0,0,0,0,0,0,0,0,0,0,0,0,0,0,0,0,0,0,0,0,0,0,0,0,0,0,0,0,0,0,0,0,0,0,0,0,0,0,0,0,0,0,0,0,0,0,0,0,0,0,0,0,0,0,0,0,0,0,0,0,0,0,0,0,0,0,0,0,0,0,0,0,0,0,0,0,0,0,0,0,0,0,0,0,0,0,0,0,0,0,0,0,0,0,0,0,0,0,0,0,0,0,0,0,180,35,0,7,1
3078.0,Koboko,37,25,0,0,2,1,0,0,0,0,0,1,0,0,0,0,0,0,0.0,0.0,0.0,0.0,0.0,37,25,0,2,1,1,37.0,25.0,0.0,2.0,1.0,0,0,0,0,0,0,0,0,0,0,0,0,0,0,0,0,0,0,0,0,0,0,0,0,0,0,0,0,0,0,0,0,0,0,0,0,0,0,0,0,0,0,0,0,0,0,0,0,0,0,0,0,0,0,0,0,0,0,0,0,0,0,0,0,0,0,0,0,0,0,0,0,0,0,0,0,0,0,0,0,0,0,0,0,0,0,0,0,0,0,0,0,0,0,0,0,0,0,0,0,0,0,0,0,0,0,0,0,0,0,0,0,0,0,0,0,0,0,0,0,37,25,0,2,1,0,0,0,0,0
2059.0,Pallisa,49000,23,0,0,35,1,0,0,1,0,0,0,0,0,0,0,0,0,0.0,0.0,0.0,0.0,0.0,49000,23,0,35,1,1,49000.0,23.0,0.0,35.0,1.0,0,0,0,0,0,0,0,0,0,0,0,0,0,0,0,0,0,0,0,0,0,0,0,0,0,0,0,0,0,0,0,0,0,0,0,0,0,0,0,0,0,0,0,0,0,0,0,0,0,0,0,0,0,0,0,0,0,0,0,0,0,0,0,0,0,0,0,0,0,0,0,0,0,0,0,0,0,0,0,0,0,0,0,0,0,0,0,0,0,0,0,0,0,0,0,0,0,0,0,0,0,0,0,0,0,0,0,0,0,0,0,0,0,0,0,0,0,0,0,0,0,0,0,0,0,49000,23,0,35,1
3100.0,Zombo,4938,16,0,0,5,5,0,0,5,0,0,1,0,0,0,0,0,0,0.0,0.0,0.0,0.0,0.0,4938,16,0,5,5,3,1646.0,5.333333333333333,0.0,1.6666666666666667,1.6666666666666667,0,0,0,0,0,0,0,0,0,0,0,0,0,0,0,0,0,0,0,0,0,0,0,0,0,0,0,0,0,0,0,0,0,0,0,0,0,0,0,0,0,0,0,0,0,0,0,0,0,0,0,0,0,0,0,0,0,0,0,0,0,0,0,0,0,0,0,0,0,0,0,0,0,0,0,0,0,0,0,0,0,0,0,0,0,0,0,0,0,0,0,0,0,0,0,0,0,0,0,0,0,0,0,0,0,0,0,0,0,0,1722,0,0,0,1,16,16,0,5,3,0,0,0,0,0,3200,0,0,0,1
2049.0,Kumi,2279,15,0,0,25,4,1,0,0,2,0,0,0,0,0,0,0,0,0.0,0.0,0.0,0.0,0.0,2279,15,0,25,4,2,1139.5,7.5,0.0,12.5,2.0,0,0,0,0,0,0,0,0,0,0,0,0,0,0,0,0,0,0,0,0,0,0,0,0,0,0,0,0,0,0,0,0,0,0,0,0,0,0,0,0,0,0,0,0,0,0,0,0,0,0,0,0,0,0,0,0,0,0,0,0,0,0,0,0,0,0,0,0,0,0,0,0,0,0,0,0,0,0,0,0,0,0,0,0,0,0,0,0,0,0,0,0,0,0,0,0,0,0,0,0,0,0,0,0,0,0,0,0,0,0,434,15,0,0,1,1845,0,0,25,3,0,0,0,0,0,0,0,0,0,0
4129.0,Ntungamo,868,13,0,0,7,3,0,0,1,0,0,2,0,0,0,0,0,0,0.0,0.0,0.0,0.0,0.0,868,13,0,7,3,2,434.0,6.5,0.0,3.5,1.5,0,0,0,0,0,0,0,0,0,0,0,0,0,0,0,0,0,0,0,0,0,0,0,0,0,0,0,0,0,0,0,0,0,0,0,0,0,0,0,0,0,0,0,0,0,0,0,0,0,0,0,0,0,0,0,0,0,0,0,0,0,0,0,0,0,0,0,0,0,0,0,0,0,0,0,0,0,0,0,0,0,0,0,0,0,0,0,0,0,0,0,0,0,0,0,0,0,0,0,0,0,0,0,0,0,0,0,0,0,0,0,0,0,0,0,142,10,0,2,1,0,0,0,0,0,726,3,0,5,2
3086.0,Moroto,17,10,2,0,2,2,1,0,0,0,0,1,0,0,0,0,0,0,0.0,0.0,0.0,0.0,0.0,17,10,2,2,2,2,8.5,5.0,1.0,1.0,1.0,0,0,0,0,0,0,0,0,0,0,0,0,0,0,0,0,0,0,0,0,0,0,0,0,0,0,0,0,0,0,0,0,0,0,0,0,0,0,0,0,0,0,0,0,0,0,0,0,0,0,0,0,0,0,0,0,0,0,0,0,0,0,0,0,0,0,0,0,0,0,0,0,0,0,0,0,0,0,0,0,0,0,0,0,0,0,0,0,0,0,0,0,0,0,0,0,0,0,0,0,0,0,0,0,0,0,0,0,0,0,0,0,0,0,0,0,0,0,0,0,0,0,2,0,1,17,10,0,2,1
4131.0,Rubirizi,35,5,0,0,21,1,0,0,1,0,0,0,0,0,0,0,0,0,0.0,0.0,0.0,0.0,0.0,35,5,0,21,1,1,35.0,5.0,0.0,21.0,1.0,0,0,0,0,0,0,0,0,0,0,0,0,0,0,0,0,0,0,0,0,0,0,0,0,0,0,0,0,0,0,0,0,0,0,0,0,0,0,0,0,0,0,0,0,0,0,0,0,0,0,0,0,0,0,0,0,0,0,0,0,0,0,0,0,0,0,0,0,0,0,0,0,0,0,0,0,0,0,0,0,0,0,0,0,0,0,0,0,0,0,0,0,0,0,0,0,0,0,0,0,0,0,0,0,0,0,0,0,0,0,0,0,0,0,0,0,0,0,0,0,0,0,0,0,0,35,5,0,21,1
4126.0,Mbarara,0,2,0,0,0,1,1,0,0,0,0,0,0,2,0,0,1,1,0.0,2.0,0.0,0.0,1.0,0,0,0,0,0,0,0.0,0.0,0.0,0.0,0.0,0,0,0,0,0,0,0,0,0,0,0,0,0,0,0,0,0,0,0,0,0,0,0,0,0,0,0,0,0,0,0,0,0,0,0,0,0,0,0,0,0,0,0,0,0,0,0,0,0,0,0,0,0,0,0,0,0,0,0,0,0,0,0,0,0,0,0,0,0,0,0,0,0,0,0,0,0,0,0,0,0,0,0,0,0,0,0,0,0,0,0,2,0,0,1,0,0,0,0,0,0,0,0,0,0,0,0,0,0,0,0,0,0,0,0,0,0,0,0,0,0,0,0,0,0,0,0,0,0,0
2058.0,Ngora,1842,0,0,0,0,1,0,0,0,1,0,0,0,0,0,0,0,0,0.0,0.0,0.0,0.0,0.0,1842,0,0,0,1,1,1842.0,0.0,0.0,0.0,1.0,0,0,0,0,0,0,0,0,0,0,0,0,0,0,0,0,0,0,0,0,0,0,0,0,0,0,0,0,0,0,0,0,0,0,0,0,0,0,0,0,0,0,0,0,0,0,0,0,0,0,0,0,0,0,0,0,0,0,0,0,0,0,0,0,0,0,0,0,0,0,0,0,0,0,0,0,0,0,0,0,0,0,0,0,0,0,0,0,0,0,0,0,0,0,0,0,0,0,0,0,0,0,0,0,0,0,0,0,0,0,1842,0,0,0,1,0,0,0,0,0,0,0,0,0,0,0,0,0,0,0
4134.0,Rwampara,52,0,0,0,0,1,1,0,0,0,0,0,0,0,0,0,0,0,0.0,0.0,0.0,0.0,0.0,52,0,0,0,1,1,52.0,0.0,0.0,0.0,1.0,0,0,0,0,0,0,0,0,0,0,0,0,0,0,0,0,0,0,0,0,0,0,0,0,0,0,0,0,0,0,0,0,0,0,0,0,0,0,0,0,0,0,0,0,0,0,0,0,0,0,0,0,0,0,0,0,0,0,0,0,0,0,0,0,0,0,0,0,0,0,0,0,0,0,0,0,0,0,0,0,0,0,0,0,0,0,0,0,0,0,0,0,0,0,0,0,0,0,0,0,0,0,0,0,0,0,0,0,0,0,52,0,0,0,1,0,0,0,0,0,0,0,0,0,0,0,0,0,0,0
4130.0,Rubanda,0,0,15,14,0,1,1,0,0,0,0,0,0,0,15,0,1,1,0.0,0.0,15.0,0.0,1.0,0,0,0,0,0,0,0.0,0.0,0.0,0.0,0.0,0,0,0,0,0,0,0,0,0,0,0,0,0,0,0,0,0,0,0,0,0,0,0,0,0,0,0,0,0,0,0,0,0,0,0,0,0,0,0,0,0,0,0,0,0,0,0,0,0,0,0,0,0,0,0,0,0,0,0,0,0,0,0,0,0,0,0,0,0,0,0,0,0,0,0,0,0,0,0,0,0,0,0,0,0,0,0,15,0,1,0,0,0,0,0,0,0,0,0,0,0,0,0,0,0,0,0,0,0,0,0,0,0,0,0,0,0,0,0,0,0,0,0,0,0,0,0,0,0,0
4101.0,Buhweju,0,0,8,2,0,1,0,1,0,0,0,0,0,0,0,0,0,0,0.0,0.0,0.0,0.0,0.0,0,0,8,0,1,1,0.0,0.0,8.0,0.0,1.0,0,0,0,0,0,0,0,0,0,0,0,0,0,0,0,0,0,0,0,0,0,0,0,0,0,0,0,0,0,0,0,0,0,0,0,0,0,0,0,0,0,0,0,0,0,0,0,0,0,0,0,0,0,0,0,0,0,0,0,0,0,0,0,0,0,0,0,0,0,0,0,0,0,0,0,0,0,0,0,0,0,0,0,0,0,0,0,0,0,0,0,0,0,0,0,0,0,0,0,0,0,0,0,0,0,0,0,8,0,1,0,0,0,0,0,0,0,0,0,0,0,0,0,0,0,0,0,0,0,0
3072.0,Arua,1664,0,8,0,0,2,1,0,1,0,0,0,0,0,0,0,0,0,0.0,0.0,0.0,0.0,0.0,1664,0,8,0,2,2,832.0,0.0,4.0,0.0,1.0,0,0,0,0,0,0,0,0,0,0,0,0,0,0,0,0,0,0,0,0,0,0,0,0,0,0,0,0,0,0,0,0,0,0,0,0,0,0,0,0,0,0,0,0,0,0,0,0,0,0,0,0,0,0,0,0,0,0,0,0,0,0,0,0,0,0,0,0,0,0,0,0,0,0,0,0,0,0,0,0,0,0,0,0,0,0,0,0,0,0,0,0,0,0,0,0,0,0,0,0,0,0,8,0,1,0,0,0,0,0,1664,0,0,0,1,0,0,0,0,0,0,0,0,0,0,0,0,0,0,0
3080.0,Kotido,256,0,0,0,37,1,0,0,0,0,0,1,0,0,0,0,0,0,0.0,0.0,0.0,0.0,0.0,256,0,0,37,1,1,256.0,0.0,0.0,37.0,1.0,0,0,0,0,0,0,0,0,0,0,0,0,0,0,0,0,0,0,0,0,0,0,0,0,0,0,0,0,0,0,0,0,0,0,0,0,0,0,0,0,0,0,0,0,0,0,0,0,0,0,0,0,0,0,0,0,0,0,0,0,0,0,0,0,0,0,0,0,0,0,0,0,0,0,0,0,0,0,0,0,0,0,0,0,0,0,0,0,0,0,0,0,0,0,0,0,0,0,0,0,0,0,0,0,0,0,0,0,0,0,0,0,0,0,0,256,0,0,37,1,0,0,0,0,0,0,0,0,0,0
1015.0,Lwengo,1268,0,0,0,1,1,0,0,1,0,0,0,0,0,0,0,0,0,0.0,0.0,0.0,0.0,0.0,1268,0,0,1,1,1,1268.0,0.0,0.0,1.0,1.0,0,0,0,0,0,0,0,0,0,0,0,0,0,0,0,0,0,0,0,0,0,0,0,0,0,0,0,0,0,0,0,0,0,0,0,0,0,0,0,0,0,0,0,0,0,0,0,0,0,0,0,0,0,0,0,0,0,0,0,0,0,0,0,0,0,0,0,0,0,0,0,0,0,0,0,0,0,0,0,0,0,0,0,0,0,0,0,0,0,0,0,0,0,0,0,0,0,0,0,0,0,0,0,0,0,0,0,0,0,0,0,0,0,0,0,0,0,0,0,0,0,0,0,0,0,1268,0,0,1,1
4105.0,Bushenyi,146,0,0,0,0,1,1,0,0,0,0,0,0,0,0,0,0,0,0.0,0.0,0.0,0.0,0.0,146,0,0,0,1,1,146.0,0.0,0.0,0.0,1.0,0,0,0,0,0,0,0,0,0,0,0,0,0,0,0,0,0,0,0,0,0,0,0,0,0,0,0,0,0,0,0,0,0,0,0,0,0,0,0,0,0,0,0,0,0,0,0,0,0,0,0,0,0,0,0,0,0,0,0,0,0,0,0,0,0,0,0,0,0,0,0,0,0,0,0,0,0,0,0,0,0,0,0,0,0,0,0,0,0,0,0,0,0,0,0,0,0,0,0,0,0,0,0,0,0,0,0,0,0,0,0,0,0,0,0,0,0,0,0,0,0,0,0,0,0,146,0,0,0,1
1021.0,Mukono,0,0,1,0,0,1,1,0,0,0,0,0,0,0,1,0,1,1,0.0,0.0,1.0,0.0,1.0,0,0,0,0,0,0,0.0,0.0,0.0,0.0,0.0,0,0,0,0,0,0,0,0,0,0,0,0,0,0,0,0,0,0,0,0,0,0,0,0,0,0,0,0,0,0,0,0,0,0,0,0,0,0,0,0,0,0,0,0,0,0,0,0,0,0,0,0,0,0,0,0,0,0,0,0,0,0,0,0,0,0,0,0,0,0,0,0,0,0,0,0,0,0,0,0,0,0,0,0,0,0,0,0,0,0,0,0,0,0,0,0,0,1,0,1,0,0,0,0,0,0,0,0,0,0,0,0,0,0,0,0,0,0,0,0,0,0,0,0,0,0,0,0,0,0
3069.0,Amudat,14,0,0,0,0,1,0,0,1,0,0,0,0,0,0,0,0,0,0.0,0.0,0.0,0.0,0.0,14,0,0,0,1,1,14.0,0.0,0.0,0.0,1.0,0,0,0,0,0,0,0,0,0,0,0,0,0,0,0,0,0,0,0,0,0,0,0,0,0,0,0,0,0,0,0,0,0,0,0,0,0,0,0,0,0,0,0,0,0,0,0,0,0,0,0,0,0,0,0,0,0,0,0,0,0,0,0,0,0,0,0,0,0,0,0,0,0,0,0,0,0,0,0,0,0,0,0,0,0,0,0,0,0,0,0,0,0,0,0,0,0,0,0,0,0,0,0,0,0,0,0,0,0,0,0,0,0,0,0,0,0,0,0,0,14,0,0,0,1,0,0,0,0,0
